Nome completo,Clube,UF,SVG,Medio,Grande,Feminino,Masculino,Libertadores (masculina),Info sobre alteração de nome,,,,,
Esporte Clube Bahia SAF,Bahia,BA,ba_bahia.svg,ba_bahia_512x512.png,ba_bahia_3000x3000.png,Brasileiro série A1,Brasileiro série A,sim,,,,,,
Esporte Clube Vitória,Vitória,BA,ba_vitoria.svg,ba_vitoria_512x512.png,ba_vitoria_3000x3000.png,Brasileiro série A1,Brasileiro série A,não participou,,,,,,
Atlético Mineiro S.A.F.,Atlético Mineiro,MG,mg_atletico-mineiro.svg,mg_atletico-mineiro_512x512.png,mg_atletico-mineiro_3000x3000.png,Brasileiro série A1,Brasileiro série A,não participou,,,,,,
Cruzeiro Esporte Clube SAF,Cruzeiro,MG,mg_cruzeiro.svg,mg_cruzeiro_512x512.png,mg_cruzeiro_3000x3000.png,Brasileiro série A1,Brasileiro série A,sim,,,,,,
Clube do Remo,Clube do Remo,PA,pa_clube-do-remo.svg,pa_clube-do-remo_512x512.png,pa_clube-do-remo_3000x3000.png,Brasileiro série A3,Brasileiro série A,não participou,,,,,,
Athletico Paranaense,Atlético Paranaense,PR,pr_athletico-paranaense.svg,pr_athletico-paranaense_512x512.png,pr_athletico-paranaense_3000x3000.png,não participou,Brasileiro série A,não participou,,,,,,
Coritiba SAF,Coritiba,PR,pr_coritiba.svg,pr_coritiba_512x512.png,pr_coritiba_3000x3000.png,Brasileiro série A3,Brasileiro série A,não participou,,,,,,
Clube de Regatas do Flamengo,Flamengo,RJ,rj_flamengo.svg,rj_flamengo_512x512.png,rj_flamengo_3000x3000.png,Brasileiro série A1,Brasileiro série A,sim,,,,,,
Fluminense Football Club,Fluminense,RJ,rj_fluminense.svg,rj_fluminense_512x512.png,rj_fluminense_3000x3000.png,Brasileiro série A1,Brasileiro série A,sim,,,,,,
SAF Botafogo,Botafogo,RJ,rj_botafogo.svg,rj_botafogo_512x512.png,rj_botafogo_3000x3000.png,Brasileiro série A1,Brasileiro série A,sim,,,,,,
Vasco da Gama SAF,Vasco da Gama,RJ,rj_vasco-da-gama.svg,rj_vasco-da-gama_512x512.png,rj_vasco-da-gama_3000x3000.png,Brasileiro série A2,Brasileiro série A,não participou,,,,,,
Grêmio Foot-Ball Porto Alegrense,Grêmio,RS,rs_gremio.svg,rs_gremio_512x512.png,rs_gremio_3000x3000.png,Brasileiro série A1,Brasileiro série A,não participou,,,,,,
Sport Club Internacional,Internacional,RS,rs_internacional.svg,rs_internacional_512x512.png,rs_internacional_3000x3000.png,Brasileiro série A1,Brasileiro série A,não participou,,,,,,
Chapecoense,Chapecoense,SC,sc_chapecoense.svg,sc_chapecoense_512x512.png,sc_chapecoense_3000x3000.png,não participou,Brasileiro série A,não participou,,,,,,
Mirassol,Mirassol,SP,sp_mirassol.svg,sp_mirassol_512x512.png,sp_mirassol_3000x3000.png,não participou,Brasileiro série A,sim,,,,,,
Red Bull Bragantino,Bragantino,SP,sp_rb-bragantino.svg,sp_rb-bragantino_512x512.png,sp_rb-bragantino_3000x3000.png,Brasileiro série A1,Brasileiro série A,não participou,,,,,,
Santos Futebol Clube,Santos,SP,sp_santos.svg,sp_santos_512x512.png,sp_santos_3000x3000.png,Brasileiro série A1,Brasileiro série A,não participou,,,,,,
São Paulo Futebol Clube,São Paulo,SP,sp_sao-paulo.svg,sp_sao-paulo_512x512.png,sp_sao-paulo_3000x3000.png,Brasileiro série A1,Brasileiro série A,não participou,,,,,,
Sociedade Esportiva Palmeiras,Palmeiras,SP,sp_palmeiras.svg,sp_palmeiras_512x512.png,sp_palmeiras_3000x3000.png,Brasileiro série A1,Brasileiro série A,sim,,,,,,
Sport Club Corinthians Paulista,Corinthians,SP,sp_corinthians.svg,sp_corinthians_512x512.png,sp_corinthians_3000x3000.png,Brasileiro série A1,Brasileiro série A,sim,,,,,,
Clube de Regatas Brasil (CRB),CRB,AL,al_crb.svg,al_crb_512x512.png,al_crb_3000x3000.png,não participou,Brasileiro série B,não participou,,,,,,
Ceará Sporting Club,Ceará,CE,ce_ceara.svg,ce_ceara_512x512.png,ce_ceara_3000x3000.png,Brasileiro série A2,Brasileiro série B,não participou,,,,,,
Fortaleza Esporte Clube SAF,Fortaleza,CE,ce_fortaleza.svg,ce_fortaleza_512x512.png,ce_fortaleza_3000x3000.png,não participou,Brasileiro série B,não participou,,,,,,
Atlético Goianiense SAF,Atlético Goianense,GO,go_atletico-goianiense.svg,go_atletico-goianiense_512x512.png,go_atletico-goianiense_3000x3000.png,não participou,Brasileiro série B,não participou,,,,,,
Goiás Esporte Clube,Goiás,GO,go_goias.svg,go_goias_512x512.png,go_goias_3000x3000.png,não participou,Brasileiro série B,não participou,,,,,,
Vila Nova Futebol Clube,Vila Nova,GO,go_vila-nova.svg,go_vila-nova_512x512.png,go_vila-nova_3000x3000.png,Brasileiro série A2,Brasileiro série B,não participou,,,,,,
América Futebol Clube SAF,América-MG,MG,mg_america-mineiro.svg,mg_america-mineiro_512x512.png,mg_america-mineiro_3000x3000.png,Brasileiro série A1,Brasileiro série B,não participou,,,,,,
Athletic Club - A. C. Esportes SAF,Athletic Club,MG,mg_athletic.svg,mg_athletic_512x512.png,mg_athletic_3000x3000.png,não participou,Brasileiro série B,não participou,,,,,,
Cuiabá Esporte Clube SAF,Cuiabá,MT,mt_cuiaba.svg,mt_cuiaba_512x512.png,mt_cuiaba_3000x3000.png,não participou,Brasileiro série B,não participou,,,,,,
Clube Náutico Capibaribe ,Náutico,PE,pe_nautico.svg,pe_nautico_512x512.png,pe_nautico_3000x3000.png,não participou,Brasileiro série B,não participou,,,,,,
Sport Club do Recife,Sport,PE,pe_sport-recife.svg,pe_sport-recife_512x512.png,pe_sport-recife_3000x3000.png,Brasileiro série A2,Brasileiro série B,não participou,,,,,,
Londrina Esporte Clube SAF ,Londrina,PR,pr_londrina.svg,pr_londrina_512x512.png,pr_londrina_3000x3000.png,não participou,Brasileiro série B,não participou,,,,,,
Operário Ferroviário Esporte Clube,Operário Ferroviário,PR,pr_operario-ferroviario.svg,pr_operario-ferroviario_512x512.png,pr_operario-ferroviario_3000x3000.png,não participou,Brasileiro série B,não participou,,,,,,
Esporte Clube Juventude,Juventude,RS,rs_juventude.svg,rs_juventude_512x512.png,rs_juventude_3000x3000.png,Brasileiro série A1,Brasileiro série B,não participou,,,,,,
Avaí Futebol Clube,Avaí,SC,sc_avai.svg,sc_avai_512x512.png,sc_avai_3000x3000.png,não participou,Brasileiro série B,não participou,,,,,,
Criciúma Esporte Clube,Criciúma,SC,sc_criciuma.svg,sc_criciuma_512x512.png,sc_criciuma_3000x3000.png,Brasileiro série A3,Brasileiro série B,não participou,,,,,,
Associação Atlética Ponte Preta,Ponte Preta,SP,sp_ponte-preta.svg,sp_ponte-preta_512x512.png,sp_ponte-preta_3000x3000.png,não participou,Brasileiro série B,não participou,,,,,,
Botafogo Futebol S/A ,Botafogo-SP,SP,sp_botafogo-sp.svg,sp_botafogo-sp_512x512.png,sp_botafogo-sp_3000x3000.png,não participou,Brasileiro série B,não participou,,,,,,
Gremio Novorizontino SAF,Novorizontino,SP,sp_novorizontino.svg,sp_novorizontino_512x512.png,sp_novorizontino_3000x3000.png,não participou,Brasileiro série B,não participou,,,,,,
São Bernardo Futebol Clube SAF,São Bernardo,SP,sp_sao-bernardo.svg,sp_sao-bernardo_512x512.png,sp_sao-bernardo_3000x3000.png,não participou,Brasileiro série B,não participou,,,,,,
Amazonas FC - Sociedade Anonima de Futebol,Amazonas,AM,am_amazonas.svg,am_amazonas_512x512.png,am_amazonas_3000x3000.png,não participou,Brasileiro série C,não participou,,,,,,
Floresta Esporte Clube,Floresta,CE,ce_floresta.svg,ce_floresta_512x512.png,ce_floresta_3000x3000.png,não participou,Brasileiro série C,não participou,,,,,,
Anápolis Futebol Clube,Anápolis,GO,go_anapolis.svg,go_anapolis_512x512.png,go_anapolis_3000x3000.png,não participou,Brasileiro série C,não participou,,,,,,
Maranhão Atletico Clube,Maranhão,MA,ma_maranhao.svg,ma_maranhao_512x512.png,ma_maranhao_3000x3000.png,não participou,Brasileiro série C,não participou,,,,,,
Paysandu Sport Club,Paysandu,PA,pa_paysandu.svg,pa_paysandu_512x512.png,pa_paysandu_3000x3000.png,Brasileiro série A2,Brasileiro série C,não participou,,,,,,
Botafogo Futebol Clube,Botafogo-PB,PB,pb_botafogo-pb.svg,pb_botafogo-pb_512x512.png,pb_botafogo-pb_3000x3000.png,não participou,Brasileiro série C,não participou,,,,,,
Santa Cruz Futebol Clube,Santa Cruz,PE,pe_santa-cruz.svg,pe_santa-cruz_512x512.png,pe_santa-cruz_3000x3000.png,não participou,Brasileiro série C,não participou,,,,,,
Maringá Futebol Clube SAF,Maringá,PR,pr_maringa.svg,pr_maringa_512x512.png,pr_maringa_3000x3000.png,não participou,Brasileiro série C,não participou,,,,,,
Volta Redonda Futebol Clube,Volta Redonda,RJ,rj_volta-redonda.svg,rj_volta-redonda_512x512.png,rj_volta-redonda_3000x3000.png,não participou,Brasileiro série C,não participou,,,,,,
Sociedade Esportiva e Recreativa Caxias do Sul,Caxias,RS,rs_caxias.svg,rs_caxias_512x512.png,rs_caxias_3000x3000.png,não participou,Brasileiro série C,não participou,,,,,,
Ypiranga Futebol Clube,Ypiranga,RS,rs_ypiranga.svg,rs_ypiranga_512x512.png,rs_ypiranga_3000x3000.png,não participou,Brasileiro série C,não participou,,,,,,
Barra Futebol Clube Ltda,Barra,SC,sc_barra.svg,sc_barra_512x512.png,sc_barra_3000x3000.png,não participou,Brasileiro série C,não participou,,,,,,
Brusque Futebol Clube SAF,Brusque,SC,sc_brusque.svg,sc_brusque_512x512.png,sc_brusque_3000x3000.png,não participou,Brasileiro série C,não participou,,,,,,
Figueirense Futebol Clube SAF,Figueirense,SC,sc_figueirense.svg,sc_figueirense_512x512.png,sc_figueirense_3000x3000.png,não participou,Brasileiro série C,não participou,,,,,,
Associação Desportiva Confiança,Confiança,SE,se_confianca.svg,se_confianca_512x512.png,se_confianca_3000x3000.png,não participou,Brasileiro série C,não participou,,,,,,
Associação Olímpica de Itabaiana,Itabaiana,SE,se_itabaiana.svg,se_itabaiana_512x512.png,se_itabaiana_3000x3000.png,não participou,Brasileiro série C,não participou,,,,,,
Associação Atlética Internacional,Inter de Limeira,SP,sp_inter-de-limeira.svg,sp_inter-de-limeira_512x512.png,sp_inter-de-limeira_3000x3000.png,não participou,Brasileiro série C,não participou,,,,,,
Ferroviária SAF,Ferroviária,SP,sp_ferroviaria.svg,sp_ferroviaria_512x512.png,sp_ferroviaria_3000x3000.png,Brasileiro série A1,Brasileiro série C,não participou,,,,,,
Guarani Futebol Clube,Guarani,SP,sp_guarani.svg,sp_guarani_512x512.png,sp_guarani_3000x3000.png,não participou,Brasileiro série C,não participou,,,,,,
Ituano Futebol Clube,Ituano,SP,sp_ituano.svg,sp_ituano_512x512.png,sp_ituano_3000x3000.png,não participou,Brasileiro série C,não participou,,,,,,
Galvez Esporte Clube,Galvez,AC,ac_galvez.svg,ac_galvez_512x512.png,ac_galvez_3000x3000.png,Brasileiro série A3,Brasileiro série D,não participou,,,,,,
Sport Clube Humaitá,Humaitá,AC,ac_humaita-ac.svg,ac_humaita-ac_512x512.png,ac_humaita-ac_3000x3000.png,não participou,Brasileiro série D,não participou,,,,,,
Independência Futebol Clube,Independência,AC,ac_independencia-ac.svg,ac_independencia-ac_512x512.png,ac_independencia-ac_3000x3000.png,não participou,Brasileiro série D,não participou,,,,,,
Agremiação Sportiva Arapiraquense (ASA),ASA,AL,al_asa.svg,al_asa_512x512.png,al_asa_3000x3000.png,não participou,Brasileiro série D,não participou,,,,,,
Centro Sportivo Alagoano,CSA,AL,al_csa.svg,al_csa_512x512.png,al_csa_3000x3000.png,não participou,Brasileiro série D,não participou,,,,,,
Clube Sociedade Esportiva - CSE,CSE,AL,al_cse.svg,al_cse_512x512.png,al_cse_3000x3000.png,não participou,Brasileiro série D,não participou,,,,,,
Manauara Esporte Clube,Manauara,AM,am_manauara.svg,am_manauara_512x512.png,am_manauara_3000x3000.png,não participou,Brasileiro série D,não participou,,,,,,
Manaus Futebol Clube,Manaus,AM,am_manaus.svg,am_manaus_512x512.png,am_manaus_3000x3000.png,não participou,Brasileiro série D,não participou,,,,,,
Nacional Futebol Clube,Nacional,AM,am_nacional-am.svg,am_nacional-am_512x512.png,am_nacional-am_3000x3000.png,não participou,Brasileiro série D,não participou,,,,,,
Oratório Recreativo Clube,Oratório,AP,ap_oratorio.svg,ap_oratorio_512x512.png,ap_oratorio_3000x3000.png,não participou,Brasileiro série D,não participou,,,,,,
Trem Desportivo Clube,Trem,AP,ap_trem.svg,ap_trem_512x512.png,ap_trem_3000x3000.png,não participou,Brasileiro série D,não participou,,,,,,
Alagoinhas Atlético Clube,Atlético de Alagoinhas,BA,ba_atletico-de-alagoinhas.svg,ba_atletico-de-alagoinhas_512x512.png,ba_atletico-de-alagoinhas_3000x3000.png,Brasileiro série A3,Brasileiro série D,não participou,,,,,,
Esporte Clube Jacuipense,Jacuipense,BA,ba_jacuipense.svg,ba_jacuipense_512x512.png,ba_jacuipense_3000x3000.png,não participou,Brasileiro série D,não participou,,,,,,
Sociedade Desportiva Juazeirense,Juazeirense,BA,ba_juazeirense.svg,ba_juazeirense_512x512.png,ba_juazeirense_3000x3000.png,não participou,Brasileiro série D,não participou,,,,,,
Porto Seguro SAF,Porto,BA,ba_porto-ba.svg,ba_porto-ba_512x512.png,ba_porto-ba_3000x3000.png,não participou,Brasileiro série D,não participou,,,,,,
Futebol Clube Atlético Cearense,Atlético Cearense,CE,ce_atletico-cearense.svg,ce_atletico-cearense_512x512.png,ce_atletico-cearense_3000x3000.png,não participou,Brasileiro série D,não participou,,,,,,
Ferroviário Atlético Clube,Ferroviário-CE,CE,ce_ferroviario-ce.svg,ce_ferroviario-ce_512x512.png,ce_ferroviario-ce_3000x3000.png,não participou,Brasileiro série D,não participou,,,,,,
Associação Desportiva Iguatu,Iguatu,CE,ce_iguatu.svg,ce_iguatu_512x512.png,ce_iguatu_3000x3000.png,não participou,Brasileiro série D,não participou,,,,,,
Maracanã Esporte Clube,Maracanã,CE,ce_maracana.svg,ce_maracana_512x512.png,ce_maracana_3000x3000.png,não participou,Brasileiro série D,não participou,,,,,,
Saf Centro de Formação de Atletas do Tirol,Tirol,CE,ce_tirol.svg,ce_tirol_512x512.png,ce_tirol_3000x3000.png,não participou,Brasileiro série D,não participou,,,,,,
Brasiliense Futebol Clube - Sociedade Anônima do Futebol,Brasiliense,DF,df_brasiliense.svg,df_brasiliense_512x512.png,df_brasiliense_3000x3000.png,não participou,Brasileiro série D,não participou,,,,,,
Capital Sociedade Anônima do Futebol,Capital CF,DF,df_capital-cf.svg,df_capital-cf_512x512.png,df_capital-cf_3000x3000.png,não participou,Brasileiro série D,não participou,,,,,,
Ceilândia Esporte Clube SAF,Ceilândia,DF,df_ceilandia.svg,df_ceilandia_512x512.png,df_ceilandia_3000x3000.png,não participou,Brasileiro série D,não participou,,,,,,
Sociedade Esportiva do Gama,Gama,DF,df_gama.svg,df_gama_512x512.png,df_gama_3000x3000.png,não participou,Brasileiro série D,não participou,,,,,,
Real Noroeste Capixaba Futebol Clube Ltda,Real Noroeste,ES,es_real-noroeste.svg,es_real-noroeste_512x512.png,es_real-noroeste_3000x3000.png,não participou,Brasileiro série D,não participou,,,,,,
Rio Branco Atletico Clube Sociedade Anonima do Futebol,Rio Branco-ES,ES,es_rio-branco-es.svg,es_rio-branco-es_512x512.png,es_rio-branco-es_3000x3000.png,não participou,Brasileiro série D,não participou,,,,,,
Vitoria Futebol Clube,Vitória-ES,ES,es_vitoria-es.svg,es_vitoria-es_512x512.png,es_vitoria-es_3000x3000.png,não participou,Brasileiro série D,não participou,,,,,,
ABECAT - Ouvidorense SAF,ABECAT,GO,go_abecat-ouvidorense.svg,go_abecat-ouvidorense_512x512.png,go_abecat-ouvidorense_3000x3000.png,não participou,Brasileiro série D,não participou,,,,,,
Associação Atlética Aparecidense,Aparecidense,GO,go_aparecidense.svg,go_aparecidense_512x512.png,go_aparecidense_3000x3000.png,não participou,Brasileiro série D,não participou,,,,,,
CRAC - Clube Recreativo E Atletico Catalano,CRAC,GO,go_crac.svg,go_crac_512x512.png,go_crac_3000x3000.png,não participou,Brasileiro série D,não participou,,,,,,
Goiatuba Esporte Clube,Goiatuba,GO,go_goiatuba.svg,go_goiatuba_512x512.png,go_goiatuba_3000x3000.png,não participou,Brasileiro série D,não participou,,,,,,
Inhumas Esporte Clube,Inhumas,GO,go_inhumas.svg,go_inhumas_512x512.png,go_inhumas_3000x3000.png,não participou,Brasileiro série D,não participou,,,,,,
IAPE - Instituto de Administração de Projeto Educacional,IAPE,MA,ma_iape.svg,ma_iape_512x512.png,ma_iape_3000x3000.png,não participou,Brasileiro série D,não participou,,,,,,
Sociedade Imperatriz de Desportos,Imperatriz,MA,ma_imperatriz.svg,ma_imperatriz_512x512.png,ma_imperatriz_3000x3000.png,não participou,Brasileiro série D,não participou,,,,,,
Moto Club de São Luís,Moto Club,MA,ma_moto-club-sao-luis.svg,ma_moto-club-sao-luis_512x512.png,ma_moto-club-sao-luis_3000x3000.png,não participou,Brasileiro série D,não participou,,,,,,
Sampaio Corrêa Futebol Clube,Sampaio Corrêa,MA,ma_sampaio-correa.svg,ma_sampaio-correa_512x512.png,ma_sampaio-correa_3000x3000.png,Brasileiro série A3,Brasileiro série D,não participou,,,,,,
Associação Mineira de Desenvolvimento Humano (Betim),Betim,MG,mg_betim.svg,mg_betim_512x512.png,mg_betim_3000x3000.png,não participou,Brasileiro série D,não participou,,,,,,
Esporte Clube Democrata,Democrata,MG,mg_democrata-gv.svg,mg_democrata-gv_512x512.png,mg_democrata-gv_3000x3000.png,não participou,Brasileiro série D,não participou,,,,,,
Pouso Alegre Futebol Clube - Sociedade Anônima do Futebol,Pouso Alegre,MG,mg_pouso-alegre.svg,mg_pouso-alegre_512x512.png,mg_pouso-alegre_3000x3000.png,não participou,Brasileiro série D,não participou,,,,,,
Tombense Futebol Clube,Tombense,MG,mg_tombense.svg,mg_tombense_512x512.png,mg_tombense_3000x3000.png,não participou,Brasileiro série D,não participou,,,,,,
Uberlandia Esporte Clube S.a.f.,Uberlândia,MG,mg_uberlandia.svg,mg_uberlandia_512x512.png,mg_uberlandia_3000x3000.png,não participou,Brasileiro série D,não participou,,,,,,
Ivinhema Futebol Clube,Ivinhema,MS,ms_ivinhema.svg,ms_ivinhema_512x512.png,ms_ivinhema_3000x3000.png,não participou,Brasileiro série D,não participou,,,,,,
Operário Futebol Clube,Operário-MS,MS,ms_operario-ms.svg,ms_operario-ms_512x512.png,ms_operario-ms_3000x3000.png,não participou,Brasileiro série D,não participou,,,,,,
Luverdense Esporte Clube,Luverdense,MT,mt_luverdense.svg,mt_luverdense_512x512.png,mt_luverdense_3000x3000.png,não participou,Brasileiro série D,não participou,,,,,,
Mixto Esporte Clube,Mixto-MT,MT,mt_mixto.svg,mt_mixto_512x512.png,mt_mixto_3000x3000.png,Brasileiro série A1,Brasileiro série D,não participou,,,,,,
Primavera Atlético Clube Ltda.,Primavera,MT,mt_primavera.svg,mt_primavera_512x512.png,mt_primavera_3000x3000.png,não participou,Brasileiro série D,não participou,,,,,,
Uniao Esporte Clube de Rondonópolis,União Rondonópolis,MT,mt_uniao-rondonopolis.svg,mt_uniao-rondonopolis_512x512.png,mt_uniao-rondonopolis_3000x3000.png,não participou,Brasileiro série D,não participou,,,,,,
Clube Esportivo Operário Varzeagrandense,Operário VG,MT,mt_operario-varzea-grande.svg,mt_operario-varzea-grande_512x512.png,mt_operario-varzea-grande_3000x3000.png,não participou,Brasileiro série D,não participou,https://ge.globo.com/mt/futebol/noticia/2025/10/17/dois-clubes-de-mato-grosso-planejam-mudar-de-nome-e-identidade-a-partir-de-2026.ghtml,,,,,
Águia de Marabá Futebol Clube,Águia de Marabá,PA,pa_aguia-de-maraba.svg,pa_aguia-de-maraba_512x512.png,pa_aguia-de-maraba_3000x3000.png,não participou,Brasileiro série D,não participou,,,,,,
Tuna Luso Brasileira,Tuna Luso,PA,pa_tuna-luso.svg,pa_tuna-luso_512x512.png,pa_tuna-luso_3000x3000.png,não participou,Brasileiro série D,não participou,,,,,,
Paraiba Sport Clube (Serra Branca),Serra Branca,PB,pb_serra-branca.svg,pb_serra-branca_512x512.png,pb_serra-branca_3000x3000.png,não participou,Brasileiro série D,não participou,,,,,,
Sousa Esporte Clube,Sousa,PB,pb_sousa.svg,pb_sousa_512x512.png,pb_sousa_3000x3000.png,não participou,Brasileiro série D,não participou,,,,,,
Treze Futebol Clube,Treze,PB,pb_treze.svg,pb_treze_512x512.png,pb_treze_3000x3000.png,não participou,Brasileiro série D,não participou,,,,,,
Central Sport Club,Central de Caruaru,PE,pe_central-pe.svg,pe_central-pe_512x512.png,pe_central-pe_3000x3000.png,não participou,Brasileiro série D,não participou,,,,,,
Sociedade Esportiva Decisão Futebol Clube,Decisão,PE,pe_decisao.svg,pe_decisao_512x512.png,pe_decisao_3000x3000.png,não participou,Brasileiro série D,não participou,,,,,,
Associação Atlética Maguary,Maguary,PE,pe_maguary-pe.svg,pe_maguary-pe_512x512.png,pe_maguary-pe_3000x3000.png,não participou,Brasileiro série D,não participou,,,,,,
Retrô Futebol Clube Brasil,Retrô,PE,pe_retro.svg,pe_retro_512x512.png,pe_retro_3000x3000.png,não participou,Brasileiro série D,não participou,,,,,,
Associação Esportiva de Altos,Altos,PI,pi_altos.svg,pi_altos_512x512.png,pi_altos_3000x3000.png,não participou,Brasileiro série D,não participou,,,,,,
Fluminense Esporte Clube,Fluminense,PI,pi_fluminense-pi.svg,pi_fluminense-pi_512x512.png,pi_fluminense-pi_3000x3000.png,não participou,Brasileiro série D,não participou,,,,,,
Parnahyba Sport Club,Parnahyba,PI,pi_parnahyba.svg,pi_parnahyba_512x512.png,pi_parnahyba_3000x3000.png,não participou,Brasileiro série D,não participou,,,,,,
Piauí Esporte Clube,Pauí,PI,pi_piaui.svg,pi_piaui_512x512.png,pi_piaui_3000x3000.png,não participou,Brasileiro série D,não participou,,,,,,
Azuriz Futebol de Alta Performance SAF,Azuriz,PR,pr_azuriz.svg,pr_azuriz_512x512.png,pr_azuriz_3000x3000.png,não participou,Brasileiro série D,não participou,,,,,,
Leão do Vale - Cianorte Futebol Clube Saf,Cianorte,PR,pr_cianorte.svg,pr_cianorte_512x512.png,pr_cianorte_3000x3000.png,não participou,Brasileiro série D,não participou,,,,,,
Futebol Clube Cascavel Ltda,FC Cascavél,PR,pr_fc-cascavel.svg,pr_fc-cascavel_512x512.png,pr_fc-cascavel_3000x3000.png,não participou,Brasileiro série D,não participou,,,,,,
Goncalves Bacetto E Pelc Esporte Clube Ltda - Sãojoseense,São Joseense,PR,pr_sao-joseense.svg,pr_sao-joseense_512x512.png,pr_sao-joseense_3000x3000.png,não participou,Brasileiro série D,não participou,,,,,,
America Football Club,América FC,RJ,rj_america-rj.svg,rj_america-rj_512x512.png,rj_america-rj_3000x3000.png,não participou,Brasileiro série D,não participou,,,,,,
Madureira esporte clube,Madureira,RJ,rj_madureira.svg,rj_madureira_512x512.png,rj_madureira_3000x3000.png,não participou,Brasileiro série D,não participou,,,,,,
Marica Futebol Clube Ltda,Maricá,RJ,rj_marica.svg,rj_marica_512x512.png,rj_marica_3000x3000.png,não participou,Brasileiro série D,não participou,,,,,,
Nova Iguaçu Saf - Sociedade Anônima de Futebol,Nova Iguaçu,RJ,rj_nova-iguacu.svg,rj_nova-iguacu_512x512.png,rj_nova-iguacu_3000x3000.png,não participou,Brasileiro série D,não participou,,,,,,
Associação Atlética Portuguesa,Portuguesa-RJ,RJ,rj_portuguesa-rj.svg,rj_portuguesa-rj_512x512.png,rj_portuguesa-rj_3000x3000.png,não participou,Brasileiro série D,não participou,,,,,,
Sampaio Correa Futebol E Esporte Ltda.,Sampaio Corrêa-RJ,RJ,rj_sampaio-correa-rj.svg,rj_sampaio-correa-rj_512x512.png,rj_sampaio-correa-rj_3000x3000.png,não participou,Brasileiro série D,não participou,,,,,,
ABC Futebol Clube,ABC FC,RN,rn_abc.svg,rn_abc_512x512.png,rn_abc_3000x3000.png,não participou,Brasileiro série D,não participou,,,,,,
América Futebol Clube S.A.F,América-RN,RN,rn_america-rn.svg,rn_america-rn_512x512.png,rn_america-rn_3000x3000.png,não participou,Brasileiro série D,não participou,,,,,,
Clube Laguna Sociedade Anônima do Futebol,Laguna,RN,rn_laguna-rn.svg,rn_laguna-rn_512x512.png,rn_laguna-rn_3000x3000.png,não participou,Brasileiro série D,não participou,,,,,,
Guaporé Futebol Clube,Guaporé,RO,ro_guapore.svg,ro_guapore_512x512.png,ro_guapore_3000x3000.png,não participou,Brasileiro série D,não participou,,,,,,
Gazin Porto Velho Esporte Clube,Gazin Porto Velho,RO,ro_porto-velho.svg,ro_porto-velho_512x512.png,ro_porto-velho_3000x3000.png,não participou,Brasileiro série D,não participou,,,,,,
Grêmio Atlético Sampaio - GAS,Sampaio,RR,rr_gremio-atletico-sampaio.svg,rr_gremio-atletico-sampaio_512x512.png,rr_gremio-atletico-sampaio_3000x3000.png,não participou,Brasileiro série D,não participou,,,,,,
Monte Roraima Futebol Clube - Sociedade Anônima do Futebol,Monte Roraima,RR,rr_monte-roraima.svg,rr_monte-roraima_512x512.png,rr_monte-roraima_3000x3000.png,não participou,Brasileiro série D,não participou,,,,,,
São Raimundo Esporte Clube,São Raimundo-RR,RR,rr_sao-raimundo-rr.svg,rr_sao-raimundo-rr_512x512.png,rr_sao-raimundo-rr_3000x3000.png,Brasileiro série A3,Brasileiro série D,não participou,,,,,,
Grêmio Esportivo Brasil,Brasil de Pelotas,RS,rs_brasil-de-pelotas.svg,rs_brasil-de-pelotas_512x512.png,rs_brasil-de-pelotas_3000x3000.png,não participou,Brasileiro série D,não participou,,,,,,
Guarany Futebol Clube,Guarany de Bage,RS,rs_guarany-de-bage.svg,rs_guarany-de-bage_512x512.png,rs_guarany-de-bage_3000x3000.png,não participou,Brasileiro série D,não participou,,,,,,
Esporte Clube São José,São José-RS,RS,rs_sao-jose-rs.svg,rs_sao-jose-rs_512x512.png,rs_sao-jose-rs_3000x3000.png,não participou,Brasileiro série D,não participou,,,,,,
Esporte Clube São Luiz,São Luiz-RS,RS,rs_sao-luiz.svg,rs_sao-luiz_512x512.png,rs_sao-luiz_3000x3000.png,não participou,Brasileiro série D,não participou,,,,,,
Blumenau Esporte Clube SAF,Blumenau,SC,sc_blumenau.svg,sc_blumenau_512x512.png,sc_blumenau_3000x3000.png,não participou,Brasileiro série D,não participou,,,,,,
Joinville Esporte Clube,Joinville,SC,sc_joinville.svg,sc_joinville_512x512.png,sc_joinville_3000x3000.png,não participou,Brasileiro série D,não participou,,,,,,
Clube Náutico Marcílio Dias,Marcílio Dias,SC,sc_marcilio-dias.svg,sc_marcilio-dias_512x512.png,sc_marcilio-dias_3000x3000.png,não participou,Brasileiro série D,não participou,,,,,,
Santa Catarina Clube,Santa Catarina,SC,sc_santa-catarina.svg,sc_santa-catarina_512x512.png,sc_santa-catarina_3000x3000.png,não participou,Brasileiro série D,não participou,,,,,,
Lagarto Futebol Clube,Lagarto,SE,se_lagarto.svg,se_lagarto_512x512.png,se_lagarto_3000x3000.png,não participou,Brasileiro série D,não participou,,,,,,
Club Sportivo Sergipe,Sergipe,SE,se_sergipe.svg,se_sergipe_512x512.png,se_sergipe_3000x3000.png,não participou,Brasileiro série D,não participou,,,,,,
Esporte Clube Água Santa,Água Santa,SP,sp_agua-santa.svg,sp_agua-santa_512x512.png,sp_agua-santa_3000x3000.png,não participou,Brasileiro série D,não participou,,,,,,
Esporte Clube Noroeste Saf,Noroeste,SP,sp_noroeste.svg,sp_noroeste_512x512.png,sp_noroeste_3000x3000.png,não participou,Brasileiro série D,não participou,,,,,,
Portuguesa Sociedade Anônima do Futebol,Portuguesa,SP,sp_portuguesa.svg,sp_portuguesa_512x512.png,sp_portuguesa_3000x3000.png,não participou,Brasileiro série D,não participou,,,,,,
Associação Esportiva Velo Clube Rioclarense,Velo Clube,SP,sp_velo-clube.svg,sp_velo-clube_512x512.png,sp_velo-clube_3000x3000.png,não participou,Brasileiro série D,não participou,,,,,,
Esporte Clube XV de Novembro,XV de Piracicaba,SP,sp_xv-de-piracicaba.svg,sp_xv-de-piracicaba_512x512.png,sp_xv-de-piracicaba_3000x3000.png,não participou,Brasileiro série D,não participou,,,,,,
Araguaina Futebol e Regatas,Araguaína,TO,to_araguaina.svg,to_araguaina_512x512.png,to_araguaina_3000x3000.png,não participou,Brasileiro série D,não participou,,,,,,
Tocantinópolis Esporte Clube,Tocantinópolis,TO,to_tocantinopolis.svg,to_tocantinopolis_512x512.png,to_tocantinopolis_3000x3000.png,não participou,Brasileiro série D,não participou,,,,,,
Instituto Bosco Brasil Binda-Instituto 3B,Instituto 3B,AM,am_3b-da-amazonia.svg,am_3b-da-amazonia_512x512.png,am_3b-da-amazonia_3000x3000.png,Brasileiro série A2,não participou,não participou,,,,,,
Itacoatiara Futebol Clube,Itacoatiara,AM,am_itacoatiara.svg,am_itacoatiara_512x512.png,am_itacoatiara_3000x3000.png,Brasileiro série A2,não participou,não participou,,,,,,
Penarol Atlético Clube,Penarol-AM,AM,am_penarol.svg,am_penarol_512x512.png,am_penarol_3000x3000.png,Brasileiro série A3,não participou,não participou,,,,,,
Portuguesa de Desporto do Amapá,Portuguesa-AP,AP,ap_portuguesa.svg,ap_portuguesa_512x512.png,ap_portuguesa_3000x3000.png,Brasileiro série A3,não participou,não participou,,,,,,
Ypiranga Clube,Ypiranga,AP,ap_ypiranga.svg,ap_ypiranga_512x512.png,ap_ypiranga_3000x3000.png,Brasileiro série A3,não participou,não participou,,,,,,
Doce Mel Esporte Clube,Doce Mel,BA,ba_doce-mel.svg,ba_doce-mel_512x512.png,ba_doce-mel_3000x3000.png,Brasileiro série A2,não participou,não participou,,,,,,
R4 Esporte Clube,R4,CE,ce_r4.svg,ce_r4_512x512.png,ce_r4_3000x3000.png,Brasileiro série A3,não participou,não participou,,,,,,
Clube Recreativo Esportivo dos Subtenentes da PM do DF,CRESSPOM,DF,df_cresspom.svg,df_cresspom_512x512.png,df_cresspom_3000x3000.png,Brasileiro série A3,não participou,não participou,,,,,,
Minas Brasília Tênis Clube,Minas Brasília,DF,.svg,.png,.png,Brasileiro série A2,não participou,não participou,https://www.lance.com.br/futebol-femdf_minas-brasilia.svg,df_minas-brasilia_512x512.png,df_minas-brasilia_3000x3000.png,Brasileiro série A2,não participou,não participou
Prosperidade Futebol Clube,Prosperidade,ES,es_prosperidade.svg,es_prosperidade_512x512.png,es_prosperidade_3000x3000.png,Brasileiro série A3,não participou,não participou,,,,,,
Planalto Esporte Clube,Planalto,GO,go_planalto.svg,go_planalto_512x512.png,go_planalto_3000x3000.png,Brasileiro série A3,não participou,não participou,,,,,,
Araguari Atlético Clube,Araguari,MG,mg_araguari.svg,mg_araguari_512x512.png,mg_araguari_3000x3000.png,Brasileiro série A3,não participou,não participou,,,,,,
Itabirito Futebol Clube - SAF,Itabirito,MG,mg_itabirito.svg,mg_itabirito_512x512.png,mg_itabirito_3000x3000.png,Brasileiro série A2,não participou,não participou,,,,,,
Futebol Clube Pantanal SAF,Pantanal,MS,ms_pantanal.svg,ms_pantanal_512x512.png,ms_pantanal_3000x3000.png,Brasileiro série A3,não participou,não participou,,,,,,
Sociedade Ação Futebol,Ação,MT,mt_acao.svg,mt_acao_512x512.png,mt_acao_3000x3000.png,Brasileiro série A2,não participou,não participou,,,,,,
Associação Atlética Tiradentes,Tiradentes-PA,PA,pa_tiradentes.svg,pa_tiradentes_512x512.png,pa_tiradentes_3000x3000.png,Brasileiro série A3,não participou,não participou,,,,,,
Mixto Esporte Clube,Mixto-PB,PB,pb_mixto-pb.svg,pb_mixto-pb_512x512.png,pb_mixto-pb_3000x3000.png,Brasileiro série A3,não participou,não participou,,,,,,
Ipojuca Atlético Clube,Ipojuca,PE,pe_ipojuca.svg,pe_ipojuca_512x512.png,pe_ipojuca_3000x3000.png,Brasileiro série A3,não participou,não participou,,,,,,
Associação Esportiva Guarani de Paripueira,Guarani de Paripueira,AL,al_guarani-de-paripueira.svg,al_guarani-de-paripueira_512x512.png,al_guarani-de-paripueira_3000x3000.png,Brasileiro série A3,não participou,não participou,,,,,,
União Desportiva Alagoana,UDA,AL,al_uda.svg,al_uda_512x512.png,al_uda_3000x3000.png,Brasileiro série A2,não participou,não participou,,,,,,
Clube Atlético Piauiense,Atlético-PI,PI,pi_atletico-piauiense.svg,pi_atletico-piauiense_512x512.png,pi_atletico-piauiense_3000x3000.png,Brasileiro série A2,não participou,não participou,,,,,,
Liga Sanjoanense,Liga Sanjoanense,PI,pi_liga-sanjoanense.svg,pi_liga-sanjoanense_512x512.png,pi_liga-sanjoanense_3000x3000.png,Brasileiro série A3,não participou,não participou,,,,,,
Real Futebol Clube Heips,Heips,RJ,rj_heips.svg,rj_heips_512x512.png,rj_heips_3000x3000.png,Brasileiro série A3,não participou,não participou,,,,,,
Viva Rio Pérolas Negras,Pérolas Negras,RJ,rj_perolas-negras.svg,rj_perolas-negras_512x512.png,rj_perolas-negras_3000x3000.png,Brasileiro série A2,não participou,não participou,,,,,,
Sociedade Esportiva União,União,RN,rn_uniao.svg,rn_uniao_512x512.png,rn_uniao_3000x3000.png,Brasileiro série A3,não participou,não participou,,,,,,
Associação Desportiva Itapuense,Itapuense,RO,ro_itapuense.svg,ro_itapuense_512x512.png,ro_itapuense_3000x3000.png,Brasileiro série A3,não participou,não participou,,,,,,
Rolim de Moura Esporte Clube,Rolim de Moura,RO,ro_rolim-de-moura.svg,ro_rolim-de-moura_512x512.png,ro_rolim-de-moura_3000x3000.png,Brasileiro série A3,não participou,não participou,,,,,,
Atlético Rio Negro Clube,Rio Negro,RR,rr_rio-negro.svg,rr_rio-negro_512x512.png,rr_rio-negro_3000x3000.png,Brasileiro série A2,não participou,não participou,,,,,,
Sociedade Esportiva Recreativa e Cultural Brasil,Brasil de Farroupilha,RS,rs_brasil-de-farroupilha.svg,rs_brasil-de-farroupilha_512x512.png,rs_brasil-de-farroupilha_3000x3000.png,Brasileiro série A3,não participou,não participou,,,,,,
Clube Esportivo Juventude,Juventude-SE,SE,se_juventude.svg,se_juventude_512x512.png,se_juventude_3000x3000.png,Brasileiro série A3,não participou,não participou,,,,,,
Associação Desportiva Taubaté,Taubate,SP,sp_taubate.svg,sp_taubate_512x512.png,sp_taubate_3000x3000.png,Brasileiro série A2,não participou,não participou,,,,,,
Associação Esportiva Realidade Jovem Rio Preto,Realidade Jovem,SP,sp_realidade-jovem.svg,sp_realidade-jovem_512x512.png,sp_realidade-jovem_3000x3000.png,Brasileiro série A3,não participou,não participou,,,,,,
Grêmio Esportivo Mauaense,Mauaense,SP,sp_mauaense.svg,sp_mauaense_512x512.png,sp_mauaense_3000x3000.png,Brasileiro série A3,não participou,não participou,,,,,,
São José Esporte Clube SAF,São José,SP,sp_sao-jose.svg,sp_sao-jose_512x512.png,sp_sao-jose_3000x3000.png,Brasileiro série A3,não participou,não participou,,,,,,
Paraíso Esporte Clube,Paraíso,TO,to_paraiso.svg,to_paraiso_512x512.png,to_paraiso_3000x3000.png,Brasileiro série A3,não participou,não participou,,,,,,
Várzea Grande Esporte Clube,VGE,MT,mt_varzea-grande-esporte-clube.svg,mt_varzea-grande-esporte-clube_512x512.png,mt_varzea-grande-esporte-clube_64x64.png,Brasileiro série A3,não participou,não participou,https://ge.globo.com/mt/futebol/noticia/2025/10/17/dois-clubes-de-mato-grosso-planejam-mudar-de-nome-e-identidade-a-partir-de-2026.ghtml,,,,,
